NAME,Afghanistan,Albania,Algeria,Angola,Anguilla,Antigua and Barbuda,Argentina,Armenia,Aruba,Australia,Austria,Azerbaijan,Bahamas,Bahrain,Bangladesh,Barbados,Belarus,Belgium,Belize,Benin,Bermuda,Bhutan,Bolivia,Bosnia and Herzegovina,Botswana,Brazil,Brunei,Bulgaria,Burkina Faso,Burma,Burundi,Cambodia,Cameroon,Canada,Cabo Verde,Cayman Islands,Central African Republic,Chad,Chile,"China, People's Republic",Colombia,Comoros,"Congo, Democratic Republic","Congo, Republic",Costa Rica,Croatia,Cuba,Cyprus,Czechia,Denmark,Djibouti,Dominica,Dominican Republic,Ecuador,Egypt,El Salvador,Eritrea,Estonia,Ethiopia,Fiji,Finland,French Polynesia,Gabon,Gambia,Georgia,Germany,Ghana,Greece,Grenada,Guatemala,Guinea,Guinea-Bissau,Guyana,Haiti,Honduras,Hong Kong,Hungary,Iceland,India,Indonesia,Iran,Iraq,Ireland,Israel,Italy,Jamaica,Japan,Jordan,Kazakhstan,Kenya,"Korea, North","Korea, South",Kuwait,Kyrgyzstan,Laos,Latvia,Lebanon,Lesotho,Liberia,Libya,Lithuania,Macau,North Macedonia,Madagascar,Malawi,Malaysia,Mali,Malta,Marshall Islands,Mauritania,Mauritius,Mexico,Moldova,Mongolia,Montenegro,Montserrat,Morocco,Mozambique,Namibia,Nepal,Netherlands,New Zealand,Nicaragua,Niger,Nigeria,Oman,Pakistan,Panama,Paraguay,Peru,Philippines,Poland,Portugal,Qatar,Romania,Russia,Rwanda,Saint Kitts and Nevis,Saint Lucia,Saint Vincent and the Grenadines,Samoa,Sao Tome and Principe,Saudi Arabia,Senegal,Serbia,Sierra Leone,Singapore,Slovakia,Slovenia,Somalia,South Africa,Spain,Sri Lanka,Sudan,Suriname,Swaziland,Sweden,Switzerland,Syria,Taiwan,Tajikistan,Tanzania,Thailand,Togo,Tonga,Trinidad and Tobago,Tunisia,Turkey,Turkmenistan,Turks and Caicos Islands,Uganda,Ukraine,United Arab Emirates,United Kingdom,United States,Uruguay,Uzbekistan,Venezuela,Vietnam,Yemen,Zambia,Zimbabwe,Total
"New York-Northern New Jersey-Long Island, NY-NJ-PA",179.0,1032.0,250.0,11.0,7.0,171.0,611.0,253.0,3.0,316.0,59.0,198.0,27.0,21.0,9323.0,214.0,463.0,123.0,170.0,45.0,9.0,77.0,189.0,50.0,9.0,1638.0,3.0,244.0,173.0,433.0,15.0,35.0,192.0,1072.0,11.0,7.0,15.0,52.0,266.0,28390.0,5089.0,,51.0,46.0,501.0,71.0,940.0,26.0,36.0,58.0,,100.0,28569.0,6104.0,2369.0,2366.0,40.0,43.0,232.0,18.0,31.0,3.0,18.0,253.0,785.0,735.0,2559.0,252.0,413.0,887.0,729.0,5.0,4941.0,5474.0,869.0,414.0,203.0,9.0,11256.0,266.0,455.0,208.0,327.0,967.0,514.0,7121.0,741.0,495.0,220.0,372.0,7.0,3195.0,90.0,121.0,4.0,69.0,256.0,3.0,306.0,28.0,113.0,15.0,378.0,4.0,3.0,332.0,240.0,7.0,,91.0,17.0,2103.0,206.0,13.0,124.0,9.0,772.0,10.0,5.0,965.0,136.0,67.0,174.0,14.0,1699.0,12.0,3932.0,227.0,183.0,3321.0,4177.0,1980.0,281.0,12.0,473.0,1435.0,10.0,88.0,332.0,318.0,,,151.0,450.0,32.0,322.0,121.0,176.0,14.0,7.0,226.0,290.0,541.0,162.0,98.0,4.0,124.0,101.0,225.0,686.0,137.0,66.0,251.0,246.0,4.0,2657.0,61.0,1148.0,59.0,,47.0,1751.0,118.0,1479.0,36.0,399.0,3158.0,604.0,507.0,1316.0,59.0,67.0,180794.0
"Los Angeles-Long Beach-Santa Ana, CA",86.0,25.0,34.0,,,,292.0,1990.0,,284.0,38.0,104.0,4.0,8.0,583.0,5.0,56.0,32.0,246.0,3.0,,,147.0,16.0,,448.0,8.0,108.0,,375.0,,443.0,104.0,744.0,,,,,100.0,10113.0,623.0,,31.0,23.0,67.0,25.0,191.0,13.0,19.0,46.0,,,62.0,317.0,723.0,4288.0,62.0,8.0,361.0,36.0,16.0,3.0,,10.0,95.0,338.0,74.0,40.0,,2606.0,6.0,,17.0,28.0,432.0,435.0,65.0,5.0,2607.0,488.0,5685.0,601.0,44.0,454.0,169.0,110.0,954.0,171.0,48.0,173.0,9.0,5432.0,71.0,15.0,19.0,16.0,300.0,,19.0,15.0,32.0,25.0,9.0,,,139.0,5.0,5.0,,,10.0,16565.0,69.0,72.0,5.0,,101.0,4.0,3.0,219.0,43.0,69.0,343.0,,420.0,,503.0,46.0,14.0,1013.0,8686.0,120.0,18.0,7.0,190.0,496.0,5.0,,7.0,,24.0,,93.0,22.0,5.0,26.0,56.0,19.0,5.0,25.0,170.0,96.0,245.0,67.0,3.0,,68.0,51.0,458.0,1411.0,11.0,31.0,734.0,6.0,50.0,22.0,25.0,233.0,16.0,,63.0,271.0,43.0,781.0,24.0,27.0,136.0,137.0,5761.0,8.0,23.0,15.0,85365.0
"Miami-Fort Lauderdale-Pompano Beach, FL",,28.0,22.0,11.0,,30.0,1445.0,15.0,9.0,34.0,24.0,13.0,293.0,3.0,387.0,31.0,76.0,27.0,44.0,6.0,6.0,,206.0,8.0,,1834.0,,79.0,,69.0,,7.0,22.0,459.0,5.0,17.0,,,353.0,682.0,5833.0,,7.0,6.0,270.0,12.0,25116.0,3.0,10.0,17.0,,20.0,1979.0,998.0,95.0,372.0,7.0,13.0,43.0,,27.0,,,5.0,20.0,208.0,39.0,30.0,11.0,533.0,,,196.0,8113.0,990.0,24.0,100.0,,520.0,16.0,156.0,45.0,24.0,296.0,229.0,4069.0,66.0,75.0,33.0,29.0,,81.0,20.0,13.0,8.0,21.0,67.0,,6.0,5.0,28.0,,32.0,,,17.0,,,,,,1171.0,53.0,,,,98.0,,,35.0,47.0,17.0,1342.0,,117.0,,324.0,189.0,67.0,2422.0,499.0,112.0,31.0,,222.0,249.0,,36.0,43.0,11.0,,,26.0,8.0,21.0,8.0,11.0,18.0,3.0,,148.0,309.0,13.0,15.0,33.0,,47.0,35.0,33.0,33.0,,11.0,136.0,,,523.0,14.0,159.0,11.0,16.0,5.0,168.0,14.0,350.0,19.0,409.0,46.0,3897.0,290.0,3.0,,21.0,71136.0
"Washington-Arlington-Alexandria, DC-VA-MD-WV",248.0,58.0,87.0,9.0,,12.0,133.0,38.0,,52.0,11.0,30.0,7.0,15.0,802.0,18.0,59.0,30.0,4.0,83.0,,116.0,772.0,11.0,9.0,292.0,,91.0,42.0,280.0,13.0,93.0,1595.0,267.0,,,21.0,21.0,77.0,1924.0,513.0,,92.0,70.0,46.0,16.0,64.0,3.0,16.0,16.0,8.0,5.0,500.0,204.0,326.0,2878.0,256.0,6.0,2965.0,,16.0,,11.0,61.0,46.0,240.0,1132.0,31.0,25.0,512.0,130.0,4.0,159.0,179.0,403.0,31.0,33.0,3.0,3186.0,95.0,955.0,459.0,35.0,96.0,88.0,504.0,138.0,124.0,58.0,230.0,5.0,1232.0,25.0,29.0,17.0,8.0,96.0,,244.0,14.0,32.0,,17.0,25.0,16.0,63.0,56.0,3.0,,7.0,8.0,723.0,54.0,110.0,,,353.0,4.0,3.0,765.0,32.0,24.0,155.0,7.0,1004.0,3.0,1167.0,50.0,32.0,1030.0,1543.0,82.0,26.0,19.0,110.0,359.0,26.0,4.0,17.0,10.0,,,94.0,111.0,12.0,572.0,13.0,17.0,,75.0,98.0,50.0,149.0,303.0,4.0,3.0,28.0,25.0,61.0,193.0,33.0,68.0,257.0,217.0,,185.0,51.0,215.0,5.0,,86.0,150.0,44.0,387.0,23.0,46.0,81.0,156.0,991.0,29.0,33.0,40.0,38802.0
"Chicago-Joliet-Naperville, IL-IN-WI",20.0,163.0,66.0,,,,76.0,14.0,,61.0,13.0,29.0,10.0,8.0,151.0,,115.0,8.0,118.0,40.0,,267.0,41.0,71.0,,159.0,,495.0,8.0,273.0,6.0,41.0,121.0,313.0,,,,,35.0,2479.0,340.0,,39.0,29.0,16.0,20.0,104.0,,20.0,8.0,,,133.0,393.0,123.0,164.0,43.0,13.0,253.0,4.0,9.0,,9.0,4.0,26.0,164.0,291.0,53.0,,338.0,15.0,,17.0,101.0,121.0,50.0,19.0,,4173.0,59.0,265.0,1188.0,61.0,119.0,72.0,153.0,145.0,404.0,38.0,61.0,,757.0,64.0,20.0,9.0,18.0,80.0,,64.0,9.0,308.0,,143.0,,,62.0,16.0,,,4.0,,7049.0,94.0,69.0,16.0,,153.0,,,251.0,24.0,29.0,48.0,,586.0,,1018.0,22.0,12.0,177.0,2052.0,2184.0,4.0,15.0,405.0,290.0,11.0,5.0,3.0,5.0,,,112.0,24.0,36.0,16.0,28.0,49.0,6.0,48.0,54.0,50.0,42.0,54.0,,,40.0,18.0,266.0,109.0,9.0,24.0,198.0,57.0,,31.0,11.0,147.0,9.0,,44.0,774.0,37.0,285.0,6.0,8.0,97.0,83.0,490.0,95.0,22.0,23.0,34336.0
"San Francisco-Oakland-Fremont, CA",187.0,7.0,188.0,,,,55.0,29.0,,105.0,17.0,18.0,,4.0,81.0,4.0,66.0,20.0,11.0,,,157.0,24.0,19.0,,311.0,,80.0,,532.0,3.0,51.0,33.0,394.0,,,,,37.0,7479.0,158.0,,12.0,6.0,19.0,5.0,41.0,5.0,17.0,18.0,,,22.0,36.0,76.0,866.0,136.0,7.0,333.0,211.0,15.0,,,6.0,19.0,234.0,43.0,15.0,,628.0,5.0,,7.0,15.0,97.0,417.0,41.0,4.0,3619.0,156.0,544.0,105.0,97.0,119.0,92.0,31.0,290.0,85.0,30.0,80.0,,526.0,22.0,17.0,23.0,7.0,44.0,,29.0,4.0,10.0,39.0,4.0,,3.0,105.0,,,,,,2469.0,27.0,165.0,,,59.0,,,448.0,38.0,37.0,190.0,,164.0,,353.0,21.0,12.0,413.0,4130.0,54.0,5.0,4.0,66.0,248.0,,,3.0,,11.0,,34.0,10.0,7.0,16.0,57.0,25.0,,8.0,63.0,64.0,78.0,20.0,3.0,,57.0,31.0,37.0,458.0,9.0,15.0,170.0,10.0,75.0,7.0,20.0,142.0,10.0,,27.0,125.0,8.0,466.0,8.0,7.0,53.0,51.0,1164.0,215.0,6.0,11.0,31991.0
"Houston-Sugar Land-Baytown, TX",20.0,28.0,25.0,14.0,,4.0,199.0,9.0,,49.0,7.0,42.0,9.0,9.0,224.0,9.0,11.0,18.0,56.0,7.0,,364.0,67.0,15.0,,204.0,,20.0,13.0,340.0,24.0,86.0,212.0,375.0,,,4.0,7.0,62.0,1539.0,804.0,,61.0,54.0,58.0,6.0,508.0,,4.0,10.0,,13.0,138.0,136.0,120.0,1564.0,63.0,,280.0,,5.0,,16.0,5.0,10.0,100.0,110.0,16.0,6.0,303.0,13.0,,29.0,31.0,428.0,51.0,13.0,,2108.0,80.0,473.0,495.0,23.0,55.0,45.0,125.0,76.0,114.0,46.0,167.0,,306.0,34.0,,9.0,5.0,159.0,,71.0,18.0,4.0,8.0,8.0,,3.0,63.0,19.0,,,3.0,3.0,7792.0,12.0,7.0,,,81.0,,,282.0,29.0,12.0,112.0,,1277.0,,1106.0,41.0,8.0,217.0,884.0,39.0,8.0,12.0,71.0,145.0,16.0,5.0,35.0,3.0,,,46.0,21.0,,33.0,31.0,,,18.0,60.0,60.0,39.0,52.0,,,19.0,15.0,50.0,173.0,,64.0,267.0,9.0,,119.0,10.0,167.0,7.0,,25.0,78.0,64.0,513.0,14.0,22.0,18.0,689.0,2337.0,4.0,12.0,15.0,30792.0
"Dallas-Fort Worth-Arlington, TX",46.0,30.0,10.0,,,,92.0,13.0,,46.0,6.0,6.0,12.0,4.0,328.0,,12.0,7.0,16.0,8.0,3.0,513.0,15.0,24.0,4.0,225.0,,37.0,5.0,1029.0,43.0,61.0,212.0,310.0,,,4.0,7.0,40.0,1047.0,349.0,,231.0,101.0,37.0,8.0,215.0,,3.0,12.0,3.0,,73.0,80.0,161.0,676.0,97.0,,559.0,,32.0,,5.0,26.0,8.0,84.0,187.0,9.0,8.0,190.0,13.0,,12.0,18.0,145.0,39.0,20.0,,2582.0,57.0,446.0,682.0,25.0,73.0,45.0,69.0,94.0,168.0,11.0,558.0,,551.0,43.0,4.0,34.0,,79.0,,87.0,5.0,6.0,,17.0,,6.0,139.0,,,,,4.0,7492.0,10.0,4.0,,,74.0,4.0,,699.0,21.0,17.0,27.0,,732.0,3.0,657.0,26.0,5.0,232.0,612.0,34.0,5.0,13.0,52.0,106.0,33.0,4.0,,,,,56.0,21.0,3.0,35.0,16.0,,,78.0,74.0,25.0,62.0,89.0,,,11.0,4.0,60.0,192.0,3.0,63.0,359.0,32.0,8.0,31.0,10.0,48.0,,,35.0,74.0,39.0,270.0,7.0,18.0,25.0,136.0,1496.0,7.0,51.0,158.0,27859.0
"Boston-Cambridge-Quincy, MA-NH",8.0,287.0,89.0,32.0,,9.0,51.0,71.0,3.0,55.0,16.0,16.0,6.0,7.0,219.0,14.0,91.0,18.0,,7.0,,77.0,40.0,17.0,,1342.0,,92.0,,79.0,,309.0,121.0,434.0,1281.0,,,,27.0,2699.0,597.0,,63.0,32.0,45.0,12.0,40.0,3.0,7.0,7.0,,8.0,3478.0,88.0,173.0,463.0,32.0,3.0,312.0,,7.0,,5.0,8.0,14.0,137.0,186.0,65.0,11.0,306.0,58.0,4.0,43.0,1823.0,114.0,90.0,20.0,7.0,1731.0,68.0,168.0,226.0,142.0,120.0,95.0,324.0,159.0,50.0,25.0,340.0,,324.0,21.0,13.0,8.0,17.0,144.0,,81.0,8.0,38.0,,9.0,,,36.0,8.0,,,4.0,,161.0,47.0,8.0,,10.0,553.0,,,336.0,43.0,11.0,13.0,,296.0,,242.0,22.0,7.0,157.0,256.0,99.0,75.0,4.0,84.0,281.0,18.0,5.0,11.0,7.0,,3.0,24.0,32.0,7.0,46.0,18.0,9.0,3.0,91.0,48.0,65.0,41.0,55.0,,,25.0,14.0,65.0,129.0,,25.0,121.0,8.0,,91.0,8.0,136.0,11.0,,239.0,142.0,15.0,391.0,5.0,16.0,30.0,135.0,799.0,,7.0,49.0,25586.0
"Atlanta-Sandy Springs-Marietta, GA",43.0,12.0,21.0,6.0,,13.0,82.0,7.0,,38.0,7.0,7.0,56.0,3.0,451.0,9.0,43.0,20.0,14.0,29.0,6.0,621.0,21.0,30.0,8.0,472.0,,89.0,18.0,674.0,12.0,47.0,243.0,250.0,3.0,,6.0,4.0,45.0,1032.0,715.0,,146.0,86.0,63.0,5.0,179.0,,9.0,15.0,,11.0,199.0,113.0,51.0,229.0,82.0,,746.0,4.0,,,23.0,123.0,20.0,147.0,477.0,9.0,11.0,169.0,89.0,,121.0,295.0,124.0,23.0,14.0,3.0,1823.0,61.0,307.0,294.0,10.0,92.0,34.0,797.0,76.0,33.0,20.0,430.0,,1018.0,21.0,6.0,14.0,25.0,55.0,,197.0,10.0,15.0,,4.0,,6.0,97.0,22.0,,,3.0,,1593.0,37.0,,,3.0,97.0,,3.0,288.0,33.0,12.0,56.0,,900.0,,329.0,50.0,9.0,276.0,242.0,53.0,6.0,5.0,127.0,117.0,11.0,11.0,24.0,5.0,,,20.0,88.0,,86.0,9.0,5.0,,79.0,113.0,45.0,32.0,83.0,4.0,,31.0,11.0,26.0,102.0,8.0,45.0,289.0,111.0,,112.0,7.0,75.0,,,18.0,99.0,7.0,261.0,4.0,126.0,32.0,271.0,931.0,4.0,45.0,65.0,21744.0
"San Diego-Carlsbad-San Marcos, CA",60.0,11.0,8.0,,,,22.0,22.0,,48.0,8.0,10.0,,,18.0,,22.0,7.0,5.0,,,25.0,17.0,4.0,,189.0,,41.0,,134.0,10.0,52.0,12.0,233.0,,,,,13.0,762.0,102.0,,20.0,4.0,14.0,7.0,43.0,,9.0,14.0,,,19.0,22.0,59.0,77.0,44.0,,179.0,5.0,34.0,,,3.0,,81.0,14.0,13.0,,201.0,4.0,,6.0,12.0,27.0,23.0,17.0,,698.0,44.0,454.0,3808.0,11.0,63.0,70.0,32.0,249.0,93.0,15.0,65.0,,384.0,10.0,7.0,25.0,11.0,73.0,,10.0,5.0,4.0,,6.0,,,19.0,,,,,,7204.0,21.0,4.0,,,27.0,,,53.0,17.0,17.0,6.0,,35.0,4.0,70.0,10.0,3.0,71.0,2500.0,27.0,6.0,4.0,38.0,116.0,7.0,,,,5.0,,18.0,6.0,3.0,7.0,12.0,4.0,4.0,105.0,55.0,29.0,17.0,19.0,,,30.0,13.0,53.0,117.0,,20.0,139.0,10.0,,5.0,3.0,91.0,,,15.0,72.0,16.0,182.0,14.0,6.0,39.0,34.0,983.0,4.0,6.0,9.0,21327.0
"Philadelphia-Camden-Wilmington, PA-NJ-DE-MD",21.0,236.0,148.0,3.0,,8.0,49.0,26.0,,43.0,8.0,19.0,6.0,,596.0,17.0,80.0,6.0,7.0,30.0,,115.0,8.0,8.0,,146.0,,32.0,24.0,186.0,5.0,134.0,90.0,200.0,,,,,29.0,1886.0,210.0,,14.0,23.0,48.0,4.0,56.0,,5.0,5.0,,7.0,934.0,115.0,242.0,56.0,21.0,,162.0,3.0,,,5.0,5.0,83.0,121.0,286.0,44.0,10.0,67.0,96.0,,79.0,426.0,46.0,24.0,17.0,,2351.0,114.0,102.0,223.0,41.0,81.0,54.0,600.0,59.0,45.0,28.0,199.0,,422.0,16.0,21.0,10.0,13.0,59.0,,793.0,13.0,36.0,,7.0,,,26.0,63.0,,,20.0,4.0,631.0,53.0,7.0,,,216.0,,,112.0,14.0,6.0,31.0,3.0,372.0,,331.0,13.0,,105.0,495.0,141.0,12.0,10.0,73.0,209.0,4.0,7.0,16.0,16.0,,,27.0,30.0,,228.0,10.0,10.0,,5.0,44.0,15.0,28.0,91.0,,,21.0,4.0,43.0,67.0,8.0,22.0,125.0,45.0,,139.0,17.0,201.0,5.0,,27.0,348.0,9.0,210.0,7.0,9.0,226.0,68.0,774.0,16.0,12.0,23.0,18571.0
"San Jose-Sunnyvale-Santa Clara, CA",40.0,,8.0,,,,27.0,23.0,,30.0,15.0,15.0,,,49.0,,46.0,23.0,3.0,,,7.0,14.0,13.0,,76.0,,23.0,,68.0,,59.0,29.0,239.0,,,,,12.0,2557.0,74.0,,4.0,6.0,11.0,7.0,5.0,,6.0,5.0,,,8.0,12.0,38.0,125.0,46.0,3.0,243.0,44.0,20.0,,,,27.0,106.0,4.0,9.0,,56.0,,,8.0,7.0,41.0,122.0,19.0,3.0,3951.0,55.0,602.0,124.0,31.0,170.0,35.0,5.0,207.0,26.0,19.0,27.0,,548.0,13.0,9.0,5.0,4.0,24.0,,,,6.0,6.0,,,,56.0,4.0,,,,,1459.0,14.0,3.0,,,16.0,,,125.0,44.0,19.0,25.0,,33.0,3.0,158.0,6.0,5.0,122.0,1632.0,32.0,13.0,,47.0,209.0,,,,,6.0,,14.0,,6.0,17.0,40.0,7.0,,14.0,13.0,36.0,36.0,16.0,,,16.0,9.0,19.0,512.0,,4.0,60.0,,34.0,3.0,3.0,52.0,7.0,,,65.0,11.0,174.0,,,11.0,22.0,2777.0,,,3.0,18314.0
"Seattle-Tacoma-Bellevue, WA",22.0,29.0,8.0,,,,37.0,26.0,,64.0,11.0,33.0,,,60.0,,82.0,8.0,4.0,,,358.0,8.0,13.0,,89.0,,64.0,7.0,263.0,8.0,231.0,22.0,410.0,,,,,25.0,1625.0,97.0,,39.0,30.0,18.0,4.0,17.0,3.0,10.0,15.0,10.0,,17.0,23.0,91.0,65.0,247.0,5.0,974.0,77.0,13.0,,4.0,113.0,7.0,115.0,63.0,7.0,,69.0,18.0,,5.0,22.0,29.0,82.0,7.0,,1911.0,132.0,295.0,379.0,33.0,74.0,29.0,32.0,228.0,29.0,52.0,420.0,,739.0,18.0,13.0,23.0,10.0,27.0,,13.0,9.0,8.0,,10.0,,,57.0,16.0,4.0,,6.0,,816.0,238.0,56.0,,,53.0,,,234.0,22.0,14.0,31.0,,54.0,,163.0,15.0,,100.0,1469.0,38.0,5.0,,112.0,276.0,,,,,31.0,,28.0,14.0,5.0,23.0,13.0,6.0,,352.0,40.0,14.0,38.0,41.0,,,26.0,11.0,16.0,210.0,6.0,30.0,181.0,10.0,7.0,10.0,8.0,74.0,13.0,,31.0,363.0,13.0,220.0,,,45.0,30.0,1525.0,26.0,20.0,9.0,17555.0
"Riverside-San Bernardino-Ontario, CA",32.0,7.0,6.0,,,,50.0,5.0,,22.0,,,3.0,,86.0,,7.0,,19.0,,,,12.0,,,50.0,,11.0,5.0,32.0,,60.0,20.0,123.0,,,,,17.0,709.0,149.0,,4.0,5.0,28.0,3.0,47.0,,3.0,,,,14.0,68.0,182.0,407.0,9.0,,38.0,12.0,,,,,4.0,44.0,36.0,11.0,,310.0,,,5.0,10.0,61.0,36.0,6.0,,502.0,234.0,130.0,107.0,10.0,29.0,14.0,44.0,54.0,72.0,9.0,65.0,,320.0,14.0,,7.0,,58.0,,,,,,,3.0,,24.0,,,,,,6608.0,9.0,,,,22.0,,,38.0,10.0,7.0,65.0,,139.0,,134.0,13.0,,166.0,1734.0,12.0,,,53.0,31.0,6.0,,,,6.0,,23.0,3.0,,9.0,8.0,5.0,,,13.0,7.0,28.0,16.0,,,11.0,,109.0,153.0,,4.0,86.0,,14.0,4.0,3.0,18.0,3.0,,7.0,32.0,10.0,74.0,5.0,17.0,4.0,29.0,545.0,3.0,,9.0,14769.0
"Phoenix-Mesa-Glendale, AZ",43.0,24.0,4.0,,,3.0,21.0,3.0,,24.0,9.0,9.0,4.0,,86.0,3.0,10.0,5.0,5.0,4.0,,282.0,10.0,24.0,,77.0,,44.0,7.0,510.0,19.0,27.0,52.0,312.0,,,,5.0,18.0,540.0,89.0,,84.0,22.0,23.0,3.0,221.0,,,,,,52.0,35.0,41.0,95.0,25.0,,144.0,5.0,13.0,,4.0,4.0,,78.0,37.0,9.0,,136.0,10.0,,3.0,27.0,42.0,10.0,14.0,,903.0,35.0,244.0,1089.0,23.0,23.0,15.0,49.0,42.0,54.0,14.0,126.0,,146.0,20.0,3.0,4.0,5.0,57.0,,58.0,4.0,,,17.0,,,36.0,6.0,,,3.0,,4472.0,24.0,,,,9.0,4.0,,150.0,12.0,9.0,16.0,,84.0,,90.0,9.0,3.0,70.0,627.0,36.0,6.0,,115.0,37.0,23.0,,,,3.0,,20.0,6.0,5.0,24.0,7.0,4.0,,121.0,45.0,14.0,12.0,55.0,,,14.0,10.0,47.0,50.0,,26.0,299.0,7.0,11.0,11.0,,57.0,,,9.0,47.0,7.0,174.0,,5.0,37.0,26.0,480.0,,22.0,12.0,13849.0
"Detroit-Warren-Livonia, MI",,492.0,17.0,,,,7.0,12.0,,15.0,11.0,6.0,4.0,3.0,831.0,,10.0,6.0,,5.0,,,,20.0,,57.0,,26.0,,7.0,,5.0,45.0,366.0,,,,,3.0,493.0,26.0,,16.0,11.0,6.0,3.0,6.0,,7.0,5.0,,,37.0,9.0,102.0,22.0,,,29.0,,5.0,,4.0,13.0,4.0,112.0,46.0,17.0,,8.0,15.0,,6.0,8.0,15.0,8.0,8.0,,1156.0,11.0,69.0,3099.0,4.0,36.0,26.0,58.0,75.0,131.0,,22.0,,152.0,25.0,,5.0,,649.0,,37.0,8.0,5.0,,54.0,,,14.0,,,,3.0,,589.0,9.0,,30.0,,32.0,,,41.0,9.0,,6.0,,147.0,,239.0,,3.0,20.0,302.0,99.0,,15.0,176.0,66.0,,,,,,,42.0,34.0,3.0,13.0,3.0,4.0,,,23.0,12.0,14.0,17.0,,,6.0,6.0,131.0,38.0,,,35.0,12.0,,9.0,10.0,36.0,,,15.0,167.0,15.0,167.0,3.0,,28.0,18.0,140.0,570.0,3.0,7.0,11992.0
"Orlando-Kissimmee-Sanford, FL",,8.0,6.0,,3.0,14.0,79.0,7.0,9.0,19.0,,5.0,22.0,,108.0,5.0,20.0,11.0,5.0,,,,18.0,8.0,5.0,386.0,,23.0,,24.0,,5.0,11.0,121.0,4.0,,,,26.0,323.0,950.0,,9.0,,55.0,,597.0,,3.0,13.0,,,612.0,152.0,69.0,39.0,4.0,4.0,33.0,,,,,,8.0,59.0,45.0,3.0,3.0,44.0,,3.0,154.0,1287.0,75.0,10.0,11.0,5.0,234.0,12.0,87.0,34.0,10.0,22.0,26.0,436.0,40.0,37.0,11.0,22.0,,71.0,6.0,5.0,,3.0,31.0,,6.0,4.0,7.0,,6.0,,,13.0,,,,,,335.0,41.0,,,,217.0,,,10.0,6.0,3.0,33.0,,53.0,,83.0,31.0,8.0,280.0,417.0,23.0,9.0,4.0,20.0,69.0,,5.0,25.0,9.0,,,12.0,4.0,4.0,5.0,,3.0,,3.0,40.0,23.0,11.0,6.0,6.0,,7.0,,26.0,20.0,,12.0,28.0,,,163.0,19.0,43.0,,6.0,3.0,41.0,9.0,252.0,,27.0,41.0,569.0,317.0,3.0,9.0,8.0,10046.0
"Minneapolis-St. Paul-Bloomington, MN-WI",8.0,10.0,4.0,,,,15.0,,,15.0,7.0,9.0,3.0,,58.0,,41.0,6.0,5.0,5.0,,96.0,5.0,11.0,,53.0,,18.0,,463.0,,113.0,175.0,160.0,,,,,19.0,465.0,83.0,,36.0,17.0,11.0,,17.0,,,6.0,16.0,,23.0,136.0,80.0,72.0,51.0,,864.0,5.0,3.0,,,30.0,,36.0,148.0,4.0,,43.0,45.0,,87.0,23.0,23.0,4.0,10.0,,701.0,26.0,58.0,92.0,16.0,16.0,9.0,44.0,28.0,22.0,18.0,579.0,,105.0,5.0,27.0,173.0,5.0,28.0,,564.0,6.0,12.0,,3.0,6.0,,17.0,3.0,,6.0,,4.0,569.0,52.0,3.0,,,23.0,,,117.0,8.0,7.0,8.0,,218.0,,58.0,6.0,,46.0,215.0,20.0,,,24.0,114.0,,,,,,,26.0,10.0,,40.0,7.0,5.0,,733.0,16.0,11.0,25.0,40.0,,,18.0,12.0,11.0,27.0,4.0,21.0,366.0,83.0,,17.0,9.0,31.0,,,24.0,82.0,10.0,105.0,,3.0,15.0,28.0,513.0,13.0,14.0,10.0,10027.0
"Denver-Aurora-Broomfield, CO",13.0,3.0,17.0,,,,24.0,15.0,,37.0,3.0,11.0,,,36.0,,39.0,5.0,,4.0,,397.0,11.0,10.0,,68.0,,43.0,7.0,382.0,6.0,17.0,28.0,155.0,,,10.0,,26.0,425.0,82.0,,85.0,31.0,5.0,,27.0,,,8.0,,,16.0,22.0,22.0,87.0,80.0,,596.0,5.0,,,3.0,3.0,12.0,46.0,160.0,4.0,,56.0,7.0,,,17.0,23.0,12.0,5.0,,334.0,55.0,90.0,193.0,7.0,21.0,16.0,16.0,39.0,31.0,16.0,58.0,,127.0,9.0,,3.0,4.0,17.0,,16.0,20.0,6.0,,3.0,,,25.0,16.0,,,8.0,,2161.0,35.0,50.0,,,71.0,,,326.0,12.0,13.0,7.0,,70.0,,35.0,8.0,5.0,92.0,167.0,33.0,3.0,6.0,22.0,125.0,13.0,,,,,,29.0,7.0,,9.0,5.0,7.0,,94.0,51.0,24.0,16.0,88.0,,,7.0,4.0,8.0,32.0,29.0,15.0,230.0,31.0,,10.0,5.0,32.0,5.0,,27.0,74.0,3.0,98.0,,4.0,26.0,36.0,429.0,,5.0,10.0,9040.0
"Tampa-St. Petersburg-Clearwater, FL",,110.0,6.0,,,6.0,37.0,3.0,,18.0,6.0,,26.0,,60.0,8.0,4.0,,,,,,8.0,27.0,3.0,160.0,,49.0,,48.0,,8.0,17.0,168.0,,,,,17.0,280.0,574.0,,,,35.0,8.0,2152.0,,4.0,4.0,,6.0,285.0,105.0,97.0,62.0,6.0,,39.0,,4.0,,,,4.0,76.0,26.0,21.0,,56.0,,,36.0,237.0,92.0,3.0,33.0,,433.0,15.0,52.0,86.0,6.0,23.0,26.0,280.0,30.0,59.0,3.0,16.0,,41.0,12.0,4.0,11.0,,34.0,,5.0,7.0,16.0,,6.0,,,11.0,,,,,,443.0,10.0,,3.0,,55.0,,,17.0,11.0,6.0,27.0,,68.0,,47.0,35.0,7.0,190.0,309.0,67.0,,,22.0,61.0,,9.0,9.0,5.0,,,13.0,5.0,,8.0,7.0,4.0,,,42.0,24.0,8.0,,4.0,,11.0,3.0,31.0,13.0,,4.0,57.0,13.0,,75.0,7.0,45.0,,,3.0,54.0,10.0,159.0,,12.0,4.0,173.0,405.0,,3.0,8.0,8816.0
"Las Vegas-Paradise, NV",19.0,16.0,,,,,37.0,62.0,,29.0,3.0,,,,31.0,,8.0,,9.0,,,48.0,10.0,12.0,,69.0,,90.0,,19.0,,13.0,21.0,126.0,,,,,10.0,610.0,94.0,,25.0,9.0,7.0,4.0,672.0,,3.0,5.0,,,54.0,29.0,13.0,264.0,63.0,,480.0,6.0,4.0,,,,4.0,41.0,13.0,11.0,,129.0,,,,13.0,39.0,14.0,24.0,,127.0,35.0,94.0,99.0,,63.0,19.0,28.0,56.0,12.0,11.0,44.0,,153.0,5.0,,5.0,,28.0,,10.0,,5.0,,10.0,,,11.0,,,,,,1814.0,21.0,9.0,,,19.0,,,38.0,8.0,6.0,49.0,,36.0,,43.0,8.0,,105.0,1662.0,22.0,,,46.0,42.0,,,,,3.0,,5.0,4.0,3.0,3.0,5.0,,,9.0,18.0,5.0,26.0,11.0,,,9.0,,8.0,34.0,,7.0,102.0,8.0,5.0,,,19.0,,,6.0,47.0,,74.0,3.0,8.0,5.0,23.0,123.0,,,3.0,8581.0
"Sacramento--Arden-Arcade--Roseville, CA",56.0,,7.0,,,,11.0,47.0,,23.0,4.0,4.0,,,25.0,,30.0,3.0,,,,22.0,4.0,4.0,,36.0,,14.0,,21.0,,22.0,4.0,92.0,,,,,8.0,660.0,38.0,,12.0,3.0,8.0,,3.0,,,5.0,,,5.0,12.0,31.0,65.0,,,92.0,310.0,,,,,16.0,46.0,16.0,,,34.0,,,3.0,,20.0,18.0,11.0,,1077.0,31.0,243.0,227.0,6.0,10.0,10.0,10.0,54.0,40.0,51.0,44.0,,112.0,7.0,19.0,31.0,4.0,22.0,,25.0,,,3.0,,,,13.0,,,,,,1123.0,317.0,18.0,,,17.0,,,100.0,12.0,16.0,7.0,,63.0,,271.0,13.0,,38.0,836.0,19.0,,,53.0,170.0,,,,,9.0,,6.0,,,14.0,,,,,27.0,11.0,17.0,,,,7.0,,13.0,50.0,,,59.0,,17.0,4.0,5.0,15.0,,,8.0,387.0,5.0,86.0,,,36.0,19.0,538.0,10.0,7.0,,8307.0
"Baltimore-Towson, MD",4.0,20.0,9.0,3.0,,,22.0,13.0,,15.0,,4.0,4.0,,68.0,5.0,22.0,5.0,6.0,10.0,,154.0,13.0,11.0,,62.0,,27.0,8.0,300.0,5.0,5.0,243.0,77.0,,,4.0,,18.0,587.0,78.0,,29.0,16.0,7.0,,17.0,,3.0,4.0,,,96.0,25.0,55.0,167.0,49.0,4.0,212.0,,5.0,,5.0,11.0,13.0,33.0,176.0,17.0,3.0,45.0,12.0,,29.0,42.0,58.0,15.0,7.0,,766.0,9.0,146.0,109.0,10.0,30.0,20.0,210.0,34.0,24.0,8.0,161.0,,338.0,9.0,5.0,5.0,9.0,12.0,,126.0,4.0,7.0,,,,3.0,34.0,22.0,,,4.0,,166.0,15.0,4.0,,,46.0,,,310.0,9.0,7.0,13.0,,555.0,,342.0,9.0,4.0,81.0,442.0,22.0,5.0,,38.0,73.0,,,6.0,,,,9.0,20.0,4.0,36.0,,3.0,,6.0,23.0,6.0,12.0,20.0,,,4.0,,26.0,41.0,3.0,14.0,35.0,12.0,,101.0,,48.0,,,14.0,63.0,9.0,67.0,,,65.0,24.0,179.0,4.0,9.0,9.0,8075.0
"Portland-Vancouver-Hillsboro, OR-WA",5.0,,,,,,13.0,7.0,,32.0,,6.0,,,31.0,,25.0,5.0,8.0,,,98.0,10.0,12.0,,28.0,,8.0,,110.0,5.0,37.0,10.0,147.0,,,,,17.0,573.0,39.0,,36.0,15.0,5.0,,78.0,,4.0,6.0,,,8.0,,40.0,32.0,10.0,,188.0,24.0,3.0,,,5.0,10.0,55.0,25.0,,,124.0,,,,16.0,18.0,18.0,3.0,,427.0,29.0,78.0,207.0,11.0,14.0,10.0,12.0,80.0,32.0,25.0,48.0,,126.0,9.0,20.0,15.0,,8.0,,24.0,13.0,,3.0,,,,12.0,,,,,,751.0,101.0,,,,13.0,,,79.0,7.0,17.0,6.0,,33.0,,32.0,,,39.0,305.0,9.0,,,106.0,152.0,5.0,,,,,,6.0,7.0,,6.0,6.0,,,95.0,17.0,5.0,8.0,7.0,,,4.0,6.0,16.0,103.0,6.0,16.0,125.0,,3.0,,,22.0,6.0,,6.0,214.0,,102.0,,3.0,24.0,13.0,680.0,6.0,,8.0,6327.0
"Austin-Round Rock-San Marcos, TX",7.0,6.0,18.0,,,,10.0,8.0,,25.0,5.0,,,,50.0,3.0,5.0,,7.0,5.0,,98.0,8.0,,,63.0,,6.0,,144.0,5.0,10.0,34.0,101.0,,,,,12.0,284.0,56.0,,11.0,21.0,11.0,3.0,225.0,3.0,,7.0,,,17.0,10.0,11.0,35.0,,3.0,67.0,,,,7.0,,,48.0,28.0,3.0,,42.0,,,,8.0,61.0,11.0,,,673.0,22.0,65.0,172.0,13.0,15.0,12.0,4.0,29.0,21.0,6.0,29.0,,126.0,4.0,,3.0,,22.0,,14.0,,,,5.0,,,27.0,,,,,,1732.0,7.0,,,,32.0,,,101.0,10.0,8.0,14.0,,80.0,,104.0,10.0,,49.0,142.0,9.0,8.0,,19.0,29.0,6.0,,,,,,4.0,,,,6.0,,,5.0,12.0,15.0,11.0,9.0,,,11.0,6.0,6.0,50.0,,15.0,86.0,,,6.0,,30.0,,,3.0,17.0,,126.0,,,,45.0,256.0,,,7.0,5950.0
"El Paso, TX",,,,,,,5.0,,,,,,,,3.0,,,,,,,,,,,6.0,,,,4.0,,,,7.0,,,,,,33.0,19.0,,,,4.0,,14.0,,,,,,7.0,6.0,,,,,,,,,,,,43.0,8.0,,,,,,,,6.0,3.0,,,22.0,,7.0,27.0,,,3.0,6.0,11.0,7.0,,7.0,,26.0,,,,,4.0,,,,,,,,,4.0,,,,,,5083.0,,,,,5.0,,,,,,4.0,,16.0,,,3.0,,10.0,55.0,,,,,5.0,,,,,,,4.0,,,,,,,,,6.0,,,,,,,6.0,14.0,,,,,,,,5.0,,,,5.0,,9.0,5.0,,,13.0,18.0,,,,5558.0
"Honolulu, HI",,,,,,,,,,22.0,,,,,4.0,,5.0,,,,,,,,,34.0,,4.0,,15.0,,5.0,,42.0,,,,,,814.0,9.0,,,,,,,,,,,,,,,,,,7.0,8.0,,8.0,,,,25.0,,,,,,,,,6.0,38.0,4.0,,13.0,18.0,4.0,7.0,3.0,5.0,11.0,6.0,442.0,,,8.0,,210.0,,,13.0,,,,,,,5.0,,,,8.0,,,,,,22.0,,,,,,,,13.0,,9.0,,,,,25.0,7.0,,9.0,3117.0,6.0,,,3.0,22.0,,,,,55.0,,,,,,10.0,5.0,,,7.0,3.0,6.0,,,,10.0,7.0,,43.0,,,52.0,,27.0,6.0,,5.0,,,,11.0,,30.0,,,,,136.0,,,,5449.0
"San Antonio-New Braunfels, TX",6.0,3.0,15.0,,,,13.0,,,9.0,,,,,35.0,,,,3.0,,,197.0,7.0,3.0,,26.0,,6.0,,176.0,20.0,,9.0,55.0,,,,,8.0,132.0,75.0,,34.0,6.0,8.0,,47.0,,3.0,,,,18.0,6.0,15.0,51.0,,,20.0,,4.0,,,6.0,,37.0,7.0,,,40.0,,,3.0,13.0,49.0,4.0,5.0,,180.0,,115.0,230.0,3.0,5.0,13.0,18.0,17.0,30.0,3.0,20.0,,53.0,9.0,4.0,3.0,,4.0,,4.0,,,,,,,3.0,,,,,,2538.0,3.0,,,,15.0,,,77.0,6.0,4.0,4.0,,47.0,,43.0,20.0,,33.0,189.0,6.0,,,6.0,15.0,3.0,,,3.0,,,5.0,,,,,,,7.0,18.0,6.0,11.0,13.0,,,4.0,,5.0,7.0,,12.0,100.0,4.0,,7.0,,16.0,3.0,,,34.0,3.0,42.0,5.0,,5.0,16.0,139.0,,,4.0,5366.0
"Charlotte-Gastonia-Rock Hill, NC-SC",4.0,5.0,,3.0,,,21.0,,,12.0,3.0,,5.0,,15.0,3.0,8.0,4.0,,6.0,,133.0,4.0,9.0,,59.0,,6.0,,167.0,3.0,9.0,26.0,106.0,,,,,18.0,221.0,199.0,,91.0,62.0,41.0,,73.0,,3.0,5.0,,,138.0,211.0,43.0,116.0,25.0,,86.0,,,,,8.0,5.0,49.0,66.0,3.0,,24.0,4.0,,11.0,20.0,54.0,6.0,9.0,,472.0,5.0,28.0,53.0,8.0,24.0,5.0,34.0,14.0,17.0,4.0,24.0,,50.0,9.0,4.0,4.0,5.0,14.0,,85.0,,9.0,,,,3.0,15.0,9.0,,,,,416.0,27.0,,,,17.0,,,58.0,10.0,,32.0,3.0,59.0,,57.0,9.0,3.0,136.0,91.0,12.0,,,23.0,36.0,4.0,3.0,,,,,11.0,5.0,,21.0,,4.0,,10.0,30.0,10.0,3.0,10.0,,,10.0,3.0,12.0,13.0,,,33.0,33.0,,17.0,,18.0,,,5.0,46.0,3.0,90.0,,16.0,12.0,44.0,334.0,,,3.0,4889.0
"Columbus, OH",,28.0,28.0,3.0,,,8.0,5.0,,10.0,,,,,59.0,,6.0,,,,,122.0,3.0,,,20.0,,10.0,5.0,71.0,3.0,17.0,66.0,80.0,,,,,3.0,281.0,18.0,,13.0,10.0,,3.0,7.0,,,,,,59.0,7.0,44.0,15.0,57.0,,217.0,,,,4.0,23.0,6.0,37.0,364.0,5.0,,8.0,42.0,,3.0,24.0,4.0,,5.0,,582.0,18.0,36.0,180.0,,18.0,10.0,20.0,30.0,87.0,11.0,191.0,,76.0,15.0,,4.0,,12.0,,40.0,21.0,,,14.0,,,15.0,,5.0,,66.0,,109.0,,,,,72.0,,,76.0,,,3.0,4.0,64.0,,69.0,6.0,,20.0,89.0,6.0,,4.0,9.0,52.0,,,,,,,15.0,65.0,,84.0,,3.0,,396.0,12.0,6.0,11.0,26.0,,,,,20.0,24.0,3.0,31.0,12.0,15.0,,3.0,,34.0,,,11.0,41.0,4.0,53.0,,,25.0,20.0,46.0,8.0,3.0,17.0,4825.0
"Providence-New Bedford-Fall River, RI-MA",,3.0,,11.0,,,10.0,13.0,,7.0,,,,,16.0,,3.0,4.0,,,,44.0,80.0,,,140.0,,12.0,,9.0,10.0,56.0,7.0,32.0,426.0,,,,3.0,196.0,208.0,,,6.0,5.0,,,,,,,,1069.0,35.0,55.0,62.0,12.0,,18.0,,,,,20.0,7.0,15.0,45.0,5.0,,296.0,10.0,4.0,4.0,101.0,19.0,4.0,,,143.0,,31.0,20.0,10.0,3.0,9.0,38.0,10.0,,4.0,22.0,,41.0,,,16.0,,38.0,,149.0,,4.0,,,,,14.0,9.0,,,,,63.0,3.0,,,,28.0,,,37.0,3.0,7.0,6.0,,82.0,,42.0,4.0,,41.0,87.0,26.0,118.0,,11.0,9.0,3.0,,,,,,6.0,49.0,,5.0,5.0,3.0,,,6.0,9.0,,,,,,4.0,48.0,8.0,,19.0,18.0,4.0,,7.0,,12.0,3.0,,4.0,15.0,,62.0,,4.0,5.0,36.0,30.0,,,,4575.0
"Bridgeport-Stamford-Norwalk, CT",3.0,24.0,,,,,35.0,,,10.0,,4.0,3.0,,109.0,,31.0,3.0,,,,,6.0,4.0,,266.0,,26.0,,3.0,,11.0,5.0,66.0,14.0,,,,15.0,187.0,269.0,,14.0,6.0,22.0,,10.0,,,9.0,,4.0,272.0,211.0,15.0,25.0,,5.0,7.0,,,,,5.0,30.0,27.0,30.0,6.0,3.0,113.0,,4.0,7.0,309.0,28.0,12.0,5.0,,372.0,6.0,8.0,11.0,22.0,7.0,20.0,346.0,15.0,5.0,,6.0,,48.0,,,,3.0,13.0,,10.0,,11.0,,6.0,,,9.0,,,,,,104.0,6.0,,,,43.0,,,31.0,24.0,4.0,7.0,,22.0,,60.0,,7.0,150.0,116.0,121.0,27.0,4.0,29.0,44.0,3.0,,6.0,3.0,,,6.0,5.0,5.0,,3.0,11.0,,,25.0,9.0,9.0,,,,19.0,8.0,31.0,17.0,,,15.0,7.0,,15.0,,16.0,3.0,,3.0,71.0,,129.0,,15.0,,41.0,32.0,,,,4497.0
"Salt Lake City, UT",23.0,4.0,,,,,48.0,13.0,,27.0,3.0,4.0,,,,,8.0,,,,,266.0,27.0,29.0,,124.0,,13.0,,193.0,5.0,15.0,10.0,48.0,,,10.0,,28.0,199.0,63.0,,32.0,8.0,,4.0,11.0,,,,,,21.0,39.0,9.0,48.0,17.0,,35.0,3.0,3.0,,,4.0,5.0,9.0,11.0,,,49.0,,,,,15.0,5.0,5.0,,109.0,5.0,95.0,260.0,4.0,8.0,9.0,,18.0,10.0,4.0,88.0,,59.0,6.0,,8.0,,12.0,,22.0,,3.0,,,,,8.0,,,,,,797.0,3.0,5.0,,,3.0,,,121.0,3.0,12.0,8.0,,10.0,,39.0,9.0,,185.0,80.0,10.0,,,12.0,17.0,14.0,,,,26.0,,,,,4.0,,,,76.0,30.0,5.0,7.0,45.0,,,8.0,4.0,5.0,20.0,,6.0,105.0,11.0,61.0,,,10.0,3.0,,9.0,32.0,4.0,26.0,3.0,15.0,,55.0,151.0,,7.0,4.0,4281.0
"Nashville-Davidson--Murfreesboro--Franklin, TN",7.0,4.0,3.0,,,,3.0,,,18.0,,,,,25.0,,6.0,,,,,240.0,,3.0,,13.0,,5.0,,249.0,3.0,6.0,7.0,69.0,,,,,6.0,154.0,38.0,,9.0,8.0,10.0,,62.0,,,,,,12.0,17.0,592.0,42.0,22.0,,172.0,,,,,4.0,,11.0,40.0,,,46.0,,,,25.0,15.0,4.0,5.0,,205.0,3.0,115.0,268.0,3.0,16.0,,16.0,13.0,23.0,,45.0,,94.0,12.0,,12.0,,6.0,,8.0,,,,,,,14.0,,,,,,297.0,,3.0,,,8.0,,,117.0,4.0,7.0,9.0,,51.0,,21.0,9.0,,32.0,72.0,5.0,,,17.0,27.0,13.0,,,,,,11.0,9.0,,5.0,,,,85.0,22.0,5.0,3.0,56.0,,,3.0,,5.0,5.0,,5.0,89.0,3.0,,6.0,,11.0,,,11.0,14.0,3.0,60.0,,,33.0,34.0,70.0,22.0,,9.0,4079.0
"Kansas City, MO-KS",,,25.0,,,,7.0,,,9.0,,12.0,,,19.0,,,3.0,,,,71.0,,3.0,,19.0,,5.0,,301.0,4.0,,34.0,61.0,,,,,,204.0,39.0,3.0,7.0,8.0,7.0,,127.0,,,,,,41.0,18.0,18.0,49.0,12.0,,148.0,,,,,9.0,,27.0,19.0,,,42.0,3.0,,6.0,32.0,38.0,,8.0,,281.0,7.0,51.0,157.0,5.0,10.0,6.0,29.0,14.0,39.0,4.0,184.0,,63.0,4.0,,8.0,,6.0,,23.0,3.0,3.0,,,,,22.0,,,,6.0,,616.0,5.0,4.0,,,15.0,,,56.0,8.0,6.0,5.0,,55.0,,94.0,,4.0,31.0,115.0,6.0,,3.0,9.0,24.0,,,4.0,,3.0,,11.0,4.0,4.0,8.0,3.0,,,67.0,12.0,15.0,,35.0,,,,,9.0,28.0,,19.0,111.0,12.0,,4.0,,12.0,,,14.0,22.0,6.0,33.0,,3.0,8.0,18.0,121.0,,6.0,6.0,4017.0
"Hartford-West Hartford-East Hartford, CT",5.0,84.0,12.0,,,3.0,11.0,,,5.0,,,,,116.0,6.0,8.0,,,,,10.0,3.0,12.0,,38.0,,5.0,,78.0,,11.0,4.0,63.0,,,,,9.0,176.0,100.0,,,,,,16.0,,,3.0,,6.0,162.0,42.0,21.0,14.0,3.0,,16.0,,,,,,8.0,27.0,137.0,8.0,,14.0,3.0,,53.0,32.0,12.0,,3.0,,442.0,3.0,26.0,44.0,6.0,7.0,9.0,543.0,7.0,3.0,6.0,26.0,,78.0,4.0,,4.0,,3.0,,25.0,,14.0,,,,,5.0,,,,,,38.0,,,,,20.0,,,58.0,,,,,48.0,,137.0,,,167.0,65.0,298.0,5.0,,15.0,29.0,3.0,3.0,31.0,,,,4.0,,,9.0,,,,11.0,3.0,9.0,19.0,12.0,,,4.0,,13.0,7.0,,6.0,69.0,12.0,,27.0,,32.0,,,5.0,53.0,3.0,48.0,,6.0,9.0,22.0,73.0,20.0,,3.0,3990.0
"Indianapolis-Carmel, IN",3.0,5.0,15.0,,,,14.0,,,11.0,,,3.0,,25.0,,3.0,,4.0,14.0,,,,3.0,,32.0,,10.0,,854.0,,4.0,6.0,37.0,,,,6.0,8.0,258.0,25.0,,15.0,12.0,4.0,,12.0,,,3.0,,,72.0,13.0,38.0,34.0,33.0,,83.0,,,,,,3.0,16.0,13.0,3.0,,19.0,29.0,,4.0,26.0,31.0,3.0,,,305.0,,14.0,49.0,3.0,7.0,9.0,18.0,26.0,22.0,,55.0,,51.0,5.0,,,4.0,7.0,,38.0,,,,,,3.0,79.0,7.0,,,7.0,,336.0,6.0,,,,14.0,,,10.0,,6.0,14.0,11.0,179.0,,64.0,5.0,,34.0,84.0,4.0,,,21.0,23.0,,,7.0,,,,7.0,26.0,,,6.0,,,7.0,7.0,10.0,5.0,3.0,,,,,10.0,27.0,,4.0,116.0,8.0,,7.0,,14.0,,,7.0,25.0,,51.0,,3.0,,33.0,55.0,,8.0,38.0,3810.0
"Raleigh-Cary, NC",10.0,,7.0,,,,17.0,,,10.0,,,4.0,,62.0,5.0,7.0,7.0,,6.0,,50.0,6.0,,,18.0,,10.0,,48.0,,,8.0,82.0,,,,,6.0,254.0,74.0,,51.0,40.0,4.0,,27.0,,,6.0,,,72.0,13.0,42.0,37.0,15.0,,75.0,,3.0,,5.0,28.0,,26.0,36.0,3.0,,5.0,,,12.0,14.0,47.0,8.0,8.0,,512.0,7.0,38.0,80.0,6.0,8.0,7.0,32.0,7.0,32.0,,125.0,,88.0,8.0,,3.0,3.0,11.0,,13.0,,3.0,,,,,6.0,,,,,,259.0,7.0,,,,98.0,,,44.0,3.0,3.0,12.0,,100.0,,54.0,5.0,,54.0,80.0,13.0,,7.0,11.0,25.0,,4.0,,,,,4.0,18.0,,21.0,3.0,4.0,,7.0,17.0,15.0,11.0,8.0,,,8.0,,11.0,32.0,,7.0,85.0,13.0,,13.0,4.0,20.0,,,3.0,47.0,4.0,64.0,,,8.0,50.0,173.0,5.0,7.0,8.0,3706.0
"St. Louis, MO-IL",17.0,24.0,5.0,,,,28.0,3.0,,10.0,3.0,4.0,,,14.0,,8.0,,,,,131.0,5.0,61.0,,33.0,,21.0,,63.0,3.0,,,46.0,,,,,6.0,356.0,26.0,,38.0,23.0,10.0,3.0,34.0,,,,,,8.0,13.0,13.0,4.0,22.0,,75.0,,,,3.0,,,36.0,15.0,3.0,,10.0,,,,13.0,5.0,7.0,,,366.0,13.0,33.0,175.0,6.0,28.0,13.0,13.0,21.0,39.0,3.0,112.0,,105.0,3.0,4.0,,6.0,5.0,,20.0,3.0,,,,3.0,,15.0,,,,7.0,,155.0,8.0,,,,6.0,,,74.0,8.0,,5.0,,71.0,,64.0,5.0,,26.0,159.0,13.0,,,11.0,52.0,7.0,,,,,,7.0,11.0,,4.0,6.0,4.0,,28.0,15.0,11.0,4.0,10.0,,,,,11.0,17.0,,7.0,36.0,6.0,,,,16.0,3.0,,8.0,44.0,4.0,62.0,,,43.0,22.0,165.0,4.0,13.0,3.0,3423.0
"Jacksonville, FL",19.0,95.0,,,,,11.0,5.0,,3.0,,,10.0,,10.0,,8.0,4.0,3.0,,,107.0,7.0,16.0,,45.0,,11.0,,201.0,7.0,14.0,10.0,35.0,,,4.0,,3.0,121.0,107.0,,6.0,7.0,13.0,4.0,222.0,,,,,,37.0,20.0,22.0,20.0,6.0,,43.0,,,,,,3.0,21.0,14.0,10.0,,9.0,4.0,,15.0,134.0,17.0,4.0,11.0,,196.0,6.0,40.0,189.0,4.0,9.0,11.0,92.0,23.0,18.0,8.0,17.0,,54.0,3.0,,,5.0,23.0,,25.0,3.0,,,,,,14.0,,,,,,66.0,8.0,,,,13.0,,,34.0,,,9.0,,40.0,,32.0,17.0,,38.0,341.0,16.0,,,18.0,34.0,,3.0,,,,,,3.0,3.0,7.0,,,,,19.0,10.0,3.0,9.0,,,4.0,,52.0,8.0,,4.0,47.0,3.0,,18.0,,28.0,,,,19.0,,46.0,,5.0,5.0,51.0,111.0,,6.0,,3368.0
"McAllen-Edinburg-Mission, TX",,,,,,,6.0,,,4.0,,,,,3.0,,,,,,,,,,,3.0,,,,,,,3.0,8.0,,,,,,24.0,20.0,,,,,,13.0,,,,,,9.0,6.0,,5.0,,,,,,,,,,,3.0,,,4.0,,,,,8.0,,,,22.0,,4.0,,,,,,,,,5.0,,47.0,,,,,,,,,,,,,,,,,,,,2987.0,,,,,,,,,,,,,6.0,,9.0,,,12.0,122.0,,,,,,,,,,,,,,,,,,,,,,,,,,,,,9.0,,,,,,,,,,,,3.0,,4.0,6.0,,,7.0,,,,,3362.0
"Worcester, MA",,106.0,4.0,,,,6.0,4.0,,4.0,,,,,11.0,,6.0,,,,,97.0,,,,196.0,,,,60.0,,15.0,37.0,36.0,,,7.0,,5.0,143.0,43.0,,13.0,4.0,5.0,,4.0,,,,,,246.0,44.0,82.0,49.0,,,9.0,,4.0,,,,3.0,13.0,305.0,7.0,,27.0,,,,39.0,11.0,,4.0,,331.0,7.0,20.0,219.0,3.0,3.0,4.0,20.0,16.0,13.0,,140.0,,15.0,4.0,,9.0,,35.0,,67.0,,,,,,,,,,,,,17.0,,,,,6.0,,,33.0,3.0,,4.0,,28.0,,23.0,,,17.0,34.0,51.0,3.0,,13.0,19.0,4.0,,,,,,,,,6.0,3.0,,,8.0,5.0,3.0,4.0,,,,,,21.0,8.0,,11.0,42.0,3.0,,5.0,,7.0,,,17.0,10.0,,51.0,,66.0,,16.0,135.0,,,10.0,3241.0
"Tucson, AZ",6.0,,,,,,,,,,,,,,,,,,,,,243.0,,,,9.0,,,3.0,30.0,13.0,,18.0,52.0,,,6.0,,5.0,108.0,20.0,,33.0,10.0,,,45.0,,,,,,8.0,6.0,,8.0,19.0,,25.0,8.0,5.0,,5.0,,,20.0,3.0,,,9.0,,,,3.0,5.0,4.0,,,67.0,3.0,44.0,199.0,3.0,4.0,7.0,11.0,6.0,6.0,,23.0,,40.0,19.0,,,,7.0,,13.0,,,,,,,4.0,,,,,,1458.0,3.0,,,,,,,96.0,3.0,3.0,3.0,,6.0,,22.0,,,8.0,74.0,,,,3.0,8.0,6.0,,,,,,,,,,,,,23.0,13.0,3.0,4.0,21.0,,,,7.0,12.0,6.0,,33.0,37.0,8.0,,3.0,,10.0,,,,11.0,,29.0,,,,,95.0,,7.0,,3200.0
"Oxnard-Thousand Oaks-Ventura, CA",7.0,6.0,,,,,11.0,,,9.0,,,,,4.0,,3.0,,,,,,,,,23.0,,,,6.0,,6.0,,65.0,,,,,6.0,149.0,24.0,,,,10.0,,4.0,,,,,,,4.0,18.0,51.0,,,4.0,,,,,,,14.0,,,,59.0,,,,,10.0,,,,281.0,13.0,102.0,4.0,6.0,11.0,7.0,7.0,25.0,,5.0,,,59.0,,,,,5.0,,,,,,,,,6.0,,,,,,1255.0,4.0,,,,4.0,,,5.0,3.0,5.0,4.0,,,,8.0,3.0,,38.0,403.0,4.0,,,9.0,13.0,,,,,,,,,,3.0,3.0,,,,12.0,5.0,8.0,,,,3.0,5.0,22.0,22.0,,3.0,16.0,,,,,4.0,,,4.0,8.0,,63.0,,,4.0,4.0,72.0,,,6.0,3049.0
"Fresno, CA",,,,,,,3.0,40.0,,5.0,,,,,3.0,,,,,,,,,,,4.0,,,,3.0,,17.0,,14.0,,,,,,86.0,12.0,,,3.0,,,,,,,,,,5.0,17.0,124.0,,,9.0,,,,,,,,6.0,,,10.0,,,,,5.0,,,,502.0,19.0,52.0,28.0,,,,4.0,11.0,20.0,,,,19.0,,,48.0,,11.0,,,,,,,,,,,,,,,1495.0,,,,,,,,,,,,,16.0,,21.0,,,10.0,181.0,3.0,,,3.0,15.0,,,,,,,,,,,,,,,11.0,,,3.0,,,,,,16.0,,,24.0,,,3.0,,5.0,,,,14.0,,13.0,,,,,37.0,62.0,,,3012.0
"San Juan-Caguas-Guaynabo, PR",,,,,,,28.0,,,,,,,,,,,,,,,,5.0,,,14.0,,,,,,,,4.0,,,,,14.0,63.0,130.0,,,,8.0,,125.0,,,,,4.0,2059.0,21.0,,7.0,,,,,,,,,,9.0,,,,6.0,,,,3.0,7.0,,,,5.0,,4.0,,,3.0,7.0,,,15.0,,,,,3.0,,,,6.0,,,,,,,,,,,,,,,72.0,,,,,5.0,,,,5.0,,13.0,,,,,8.0,,54.0,6.0,,,,,8.0,,8.0,,,,,,,,,,,,,,28.0,,,,,,,,,,,,,,3.0,,,,,,,,8.0,,13.0,,105.0,,,,,2886.0
"Stockton, CA",40.0,,3.0,,,,4.0,,,,,,,,5.0,,,,,,,,3.0,,,6.0,,,,7.0,,37.0,4.0,22.0,,,,,16.0,103.0,7.0,,,,,,,,,,,,,6.0,5.0,22.0,,,,54.0,,,,,,3.0,9.0,,,13.0,,,,,10.0,3.0,,,399.0,8.0,18.0,3.0,,,,,11.0,9.0,,11.0,,14.0,,,8.0,,,,5.0,,,,,,,,,,,,,975.0,,5.0,,,3.0,,,7.0,,,,,10.0,,157.0,3.0,,13.0,610.0,,,,,7.0,,,,,,,5.0,,,5.0,,,,,4.0,,,,,,,,4.0,3.0,,,10.0,,,,,,,,,,3.0,13.0,,,,5.0,115.0,18.0,,,2843.0
"Milwaukee-Waukesha-West Allis, WI",,35.0,6.0,,,,5.0,3.0,,5.0,,,3.0,,15.0,,12.0,,,,,,,8.0,,20.0,,7.0,,249.0,,3.0,24.0,41.0,,,,,6.0,173.0,37.0,,7.0,5.0,4.0,3.0,10.0,,,,,,34.0,7.0,14.0,8.0,12.0,,26.0,,,,,,,23.0,17.0,4.0,,9.0,6.0,,,4.0,8.0,3.0,,,372.0,3.0,25.0,115.0,5.0,17.0,6.0,31.0,8.0,47.0,3.0,25.0,,35.0,6.0,,29.0,,8.0,,7.0,,7.0,,8.0,,,12.0,3.0,,,,,461.0,,6.0,,,11.0,,,18.0,,,8.0,,28.0,,61.0,,,18.0,56.0,31.0,,,4.0,26.0,,,,,,,8.0,7.0,,3.0,6.0,5.0,,25.0,6.0,,8.0,19.0,,,,,15.0,10.0,,9.0,167.0,,,,,7.0,19.0,,6.0,35.0,,24.0,,3.0,8.0,12.0,31.0,,,,2789.0
"Cleveland-Elyria-Mentor, OH",8.0,63.0,,,,,5.0,17.0,,6.0,,,,,19.0,,14.0,3.0,,,,128.0,3.0,6.0,,24.0,,4.0,3.0,37.0,,8.0,9.0,65.0,,,,,3.0,282.0,26.0,,3.0,,7.0,4.0,6.0,,,3.0,,,47.0,6.0,96.0,8.0,,,11.0,,,,,,5.0,17.0,15.0,11.0,,5.0,6.0,,8.0,,7.0,5.0,12.0,,269.0,5.0,25.0,56.0,5.0,26.0,7.0,49.0,22.0,48.0,5.0,14.0,,40.0,15.0,6.0,,3.0,18.0,,7.0,3.0,12.0,,6.0,,,3.0,,,,,,126.0,19.0,,,,21.0,,,62.0,,,,,37.0,,42.0,,,26.0,118.0,34.0,5.0,,70.0,51.0,,,,,,,5.0,7.0,3.0,,,4.0,,11.0,9.0,7.0,12.0,,,,,,40.0,15.0,,5.0,30.0,7.0,,5.0,,26.0,,,6.0,177.0,5.0,35.0,,7.0,30.0,10.0,49.0,,6.0,4.0,2785.0
